{"cameraMode":{"drawMode":0,"name":"Shaded","section":"Shading Mode"},"sceneLighting":false,"audioPlay":false,"sceneViewState":{"showFog":false,"showMaterialUpdate":false,"showSkybox":false,"showFlares":true,"showImageEffects":true,"showParticleSystems":true},"in2DMode":false,"pivot":{"x":0.46874991059303286,"y":-0.46875011920928957,"z":-0.015625},"rotation":{"x":-0.004247876349836588,"y":-0.994548499584198,"z":0.09577394276857376,"w":-0.0451216921210289},"size":2.1882195472717287,"orthographic":true}