{"cameraMode":{"drawMode":0,"name":"Shaded","section":"Shading Mode"},"sceneLighting":false,"audioPlay":false,"sceneViewState":{"showFog":true,"showMaterialUpdate":false,"showSkybox":false,"showFlares":true,"showImageEffects":true,"showParticleSystems":true},"in2DMode":false,"pivot":{"x":-2.9802322387695315e-8,"y":0.8239309787750244,"z":2.9802322387695315e-8},"rotation":{"x":0.3313137888908386,"y":0.11842761188745499,"z":-0.04205229878425598,"w":0.9351578950881958},"size":3.1764206886291506,"orthographic":true}