{"cameraMode":{"drawMode":0,"name":"Shaded","section":"Shading Mode"},"sceneLighting":false,"audioPlay":false,"sceneViewState":{"showFog":true,"showMaterialUpdate":false,"showSkybox":false,"showFlares":true,"showImageEffects":true,"showParticleSystems":true},"in2DMode":false,"pivot":{"x":-1.8806352615356446,"y":0.21938906610012055,"z":-0.07281666994094849},"rotation":{"x":-0.33224472403526308,"y":0.21324461698532105,"z":-0.07738795131444931,"w":-0.915880024433136},"size":2.6652841567993166,"orthographic":true}