{"cameraMode":{"drawMode":0,"name":"Shaded","section":"Shading Mode"},"sceneLighting":false,"audioPlay":false,"sceneViewState":{"showFog":true,"showMaterialUpdate":false,"showSkybox":false,"showFlares":true,"showImageEffects":true,"showParticleSystems":true},"in2DMode":false,"pivot":{"x":0.9687502384185791,"y":1.249842882156372,"z":-0.015624761581420899},"rotation":{"x":-0.0008345152018591762,"y":0.9908327460289002,"z":-0.13768884539604188,"w":0.020543072372674943},"size":5.568192958831787,"orthographic":true}