{"cameraMode":{"drawMode":0,"name":"Shaded","section":"Shading Mode"},"sceneLighting":false,"audioPlay":false,"sceneViewState":{"showFog":true,"showMaterialUpdate":false,"showSkybox":false,"showFlares":true,"showImageEffects":true,"showParticleSystems":true},"in2DMode":false,"pivot":{"x":6.815760612487793,"y":0.21994557976722718,"z":-1.594738483428955},"rotation":{"x":-0.10785435140132904,"y":-0.8850383758544922,"z":0.25038856267929079,"w":-0.3784503638744354},"size":0.8318283557891846,"orthographic":true}