{"cameraMode":{"drawMode":0,"name":"Shaded","section":"Shading Mode"},"sceneLighting":false,"audioPlay":false,"sceneViewState":{"showFog":true,"showMaterialUpdate":false,"showSkybox":false,"showFlares":true,"showImageEffects":true,"showParticleSystems":true},"in2DMode":false,"pivot":{"x":-2.235456943511963,"y":1.7859485149383546,"z":6.674229145050049},"rotation":{"x":0.3788076341152191,"y":-0.10819373279809952,"z":0.03628120943903923,"w":0.9192643165588379},"size":1.3750700950622559,"orthographic":true}