{"cameraMode":{"drawMode":0,"name":"Shaded","section":"Shading Mode"},"sceneLighting":false,"audioPlay":false,"sceneViewState":{"showFog":true,"showMaterialUpdate":false,"showSkybox":false,"showFlares":true,"showImageEffects":true,"showParticleSystems":true},"in2DMode":false,"pivot":{"x":1.1416038274765015,"y":0.3782983422279358,"z":-3.300374984741211},"rotation":{"x":-0.4829605221748352,"y":-0.34003692865371706,"z":0.2108275443315506,"w":-0.778963029384613},"size":3.218191146850586,"orthographic":true}