{"cameraMode":{"drawMode":0,"name":"Shaded","section":"Shading Mode"},"sceneLighting":false,"audioPlay":false,"sceneViewState":{"showFog":true,"showMaterialUpdate":false,"showSkybox":false,"showFlares":true,"showImageEffects":true,"showParticleSystems":true},"in2DMode":false,"pivot":{"x":-0.43537384271621706,"y":0.26280760765075686,"z":0.3870105743408203},"rotation":{"x":0.18263578414916993,"y":-0.2844583988189697,"z":0.055296607315540317,"w":0.93951016664505},"size":1.7601250410079957,"orthographic":false}