{"cameraMode":{"drawMode":0,"name":"Shaded","section":"Shading Mode"},"sceneLighting":false,"audioPlay":false,"sceneViewState":{"showFog":true,"showMaterialUpdate":false,"showSkybox":false,"showFlares":true,"showImageEffects":true,"showParticleSystems":true},"in2DMode":false,"pivot":{"x":-5.5515265464782719,"y":0.14699237048625947,"z":0.04460611939430237},"rotation":{"x":-0.16660042107105256,"y":-0.6145418286323547,"z":0.13495011627674104,"w":-0.7596306800842285},"size":1.7662070989608765,"orthographic":true}