{"cameraMode":{"drawMode":0,"name":"Shaded","section":"Shading Mode"},"sceneLighting":false,"audioPlay":false,"sceneViewState":{"showFog":false,"showMaterialUpdate":false,"showSkybox":false,"showFlares":true,"showImageEffects":true,"showParticleSystems":true},"in2DMode":false,"pivot":{"x":-0.018001556396484376,"y":1.097381591796875,"z":-0.0966796875},"rotation":{"x":-0.08734476566314697,"y":-0.840412437915802,"z":0.13926127552986146,"w":-0.5179769992828369},"size":1.656473159790039,"orthographic":true}