{"cameraMode":{"drawMode":0,"name":"Shaded","section":"Shading Mode"},"sceneLighting":false,"audioPlay":false,"sceneViewState":{"showFog":true,"showMaterialUpdate":false,"showSkybox":false,"showFlares":true,"showImageEffects":true,"showParticleSystems":true},"in2DMode":false,"pivot":{"x":0.13292831182479859,"y":0.8128117322921753,"z":-0.3263251781463623},"rotation":{"x":0.06615256518125534,"y":0.9135119318962097,"z":-0.36592528223991396,"w":0.16508786380290986},"size":2.8579087257385256,"orthographic":false}