{"cameraMode":{"drawMode":0,"name":"Shaded","section":"Shading Mode"},"sceneLighting":false,"audioPlay":false,"sceneViewState":{"showFog":true,"showMaterialUpdate":false,"showSkybox":false,"showFlares":true,"showImageEffects":true,"showParticleSystems":true},"in2DMode":false,"pivot":{"x":0.42127156257629397,"y":1.1039495468139649,"z":-0.5002789497375488},"rotation":{"x":0.043750081211328509,"y":0.9427549242973328,"z":-0.3009496331214905,"w":0.13698208332061768},"size":2.8578836917877199,"orthographic":false}