{"cameraMode":{"drawMode":0,"name":"Shaded","section":"Shading Mode"},"sceneLighting":false,"audioPlay":false,"sceneViewState":{"showFog":true,"showMaterialUpdate":false,"showSkybox":false,"showFlares":true,"showImageEffects":true,"showParticleSystems":true},"in2DMode":false,"pivot":{"x":-1.1796045303344727,"y":0.3751782774925232,"z":-3.240114688873291},"rotation":{"x":0.2964145243167877,"y":0.557588517665863,"z":-0.2224181741476059,"w":0.7432551383972168},"size":2.8165476322174074,"orthographic":true}