{"cameraMode":{"drawMode":0,"name":"Shaded","section":"Shading Mode"},"sceneLighting":false,"audioPlay":false,"sceneViewState":{"showFog":true,"showMaterialUpdate":false,"showSkybox":false,"showFlares":true,"showImageEffects":true,"showParticleSystems":true},"in2DMode":false,"pivot":{"x":-0.2499999701976776,"y":0.9375,"z":-0.8125001788139343},"rotation":{"x":-0.11112184822559357,"y":0.8104115128517151,"z":-0.16239188611507417,"w":-0.5523778796195984},"size":2.5166516304016115,"orthographic":true}