{"cameraMode":{"drawMode":0,"name":"Shaded","section":"Shading Mode"},"sceneLighting":false,"audioPlay":false,"sceneViewState":{"showFog":true,"showMaterialUpdate":false,"showSkybox":false,"showFlares":true,"showImageEffects":true,"showParticleSystems":true},"in2DMode":false,"pivot":{"x":0.0,"y":2.20510196685791,"z":0.15628480911254884},"rotation":{"x":0.1883724182844162,"y":0.19815190136432649,"z":-0.038913846015930179,"w":0.9613915681838989},"size":27.32112693786621,"orthographic":true}