{"cameraMode":{"drawMode":0,"name":"Shaded","section":"Shading Mode"},"sceneLighting":false,"audioPlay":false,"sceneViewState":{"showFog":true,"showMaterialUpdate":false,"showSkybox":false,"showFlares":true,"showImageEffects":true,"showParticleSystems":true},"in2DMode":false,"pivot":{"x":-0.0078125,"y":0.1293177604675293,"z":0.00960133969783783},"rotation":{"x":-0.17071932554244996,"y":0.7896665334701538,"z":-0.2501763105392456,"w":-0.5347561836242676},"size":0.9324840307235718,"orthographic":true}