{"cameraMode":{"drawMode":0,"name":"Shaded","section":"Shading Mode"},"sceneLighting":false,"audioPlay":false,"sceneViewState":{"showFog":true,"showMaterialUpdate":false,"showSkybox":false,"showFlares":true,"showImageEffects":true,"showParticleSystems":true},"in2DMode":false,"pivot":{"x":3.560551643371582,"y":1.7625184059143067,"z":-3.9967594146728517},"rotation":{"x":0.3448176085948944,"y":-0.09898270666599274,"z":-0.03672519698739052,"w":-0.9330806732177734},"size":1.6544116735458375,"orthographic":true}