{"cameraMode":{"drawMode":0,"name":"Shaded","section":"Shading Mode"},"sceneLighting":false,"audioPlay":false,"sceneViewState":{"showFog":true,"showMaterialUpdate":false,"showSkybox":false,"showFlares":true,"showImageEffects":true,"showParticleSystems":true},"in2DMode":false,"pivot":{"x":-0.04453778266906738,"y":0.43827229738235476,"z":-0.15680932998657227},"rotation":{"x":0.08637123554944992,"y":-0.7480106949806213,"z":0.09931352734565735,"w":0.6505140066146851},"size":1.221951961517334,"orthographic":false}