{"cameraMode":{"drawMode":0,"name":"Shaded","section":"Shading Mode"},"sceneLighting":false,"audioPlay":false,"sceneViewState":{"showFog":true,"showMaterialUpdate":false,"showSkybox":false,"showFlares":true,"showImageEffects":true,"showParticleSystems":true},"in2DMode":false,"pivot":{"x":-7.999598979949951,"y":0.2851434648036957,"z":4.815357685089111},"rotation":{"x":0.20483116805553437,"y":-0.48452281951904299,"z":0.11787247657775879,"w":0.842638373374939},"size":1.082567572593689,"orthographic":true}