{"cameraMode":{"drawMode":0,"name":"Shaded","section":"Shading Mode"},"sceneLighting":false,"audioPlay":false,"sceneViewState":{"showFog":true,"showMaterialUpdate":false,"showSkybox":false,"showFlares":true,"showImageEffects":true,"showParticleSystems":true},"in2DMode":false,"pivot":{"x":1.1714874505996705,"y":0.17314346134662629,"z":-0.11698968708515167},"rotation":{"x":-0.16796138882637025,"y":0.45425155758857729,"z":-0.08756820857524872,"w":-0.870895504951477},"size":2.3454537391662599,"orthographic":true}