{"cameraMode":{"drawMode":0,"name":"Shaded","section":"Shading Mode"},"sceneLighting":false,"audioPlay":false,"sceneViewState":{"showFog":true,"showMaterialUpdate":false,"showSkybox":false,"showFlares":true,"showImageEffects":true,"showParticleSystems":true},"in2DMode":false,"pivot":{"x":1.4370107650756837,"y":1.5072935819625855,"z":1.5781246423721314},"rotation":{"x":-0.2032524049282074,"y":0.4033738374710083,"z":-0.09218700230121613,"w":-0.8877620100975037},"size":8.924554824829102,"orthographic":true}