{"cameraMode":{"drawMode":0,"name":"Shaded","section":"Shading Mode"},"sceneLighting":false,"audioPlay":false,"sceneViewState":{"showFog":true,"showMaterialUpdate":false,"showSkybox":false,"showFlares":true,"showImageEffects":true,"showParticleSystems":true},"in2DMode":false,"pivot":{"x":-8.28591251373291,"y":0.32358044385910036,"z":4.812544822692871},"rotation":{"x":0.20483116805553437,"y":-0.48452281951904299,"z":0.11787247657775879,"w":0.842638373374939},"size":1.6717084646224976,"orthographic":true}