{"cameraMode":{"drawMode":0,"name":"Shaded","section":"Shading Mode"},"sceneLighting":false,"audioPlay":false,"sceneViewState":{"showFog":true,"showMaterialUpdate":false,"showSkybox":false,"showFlares":true,"showImageEffects":true,"showParticleSystems":true},"in2DMode":false,"pivot":{"x":3.4376296997070314,"y":0.497474730014801,"z":-6.23819637298584},"rotation":{"x":0.3221789002418518,"y":0.5555219650268555,"z":-0.25718730688095095,"w":0.7232484221458435},"size":2.6400604248046877,"orthographic":true}